Tanggal,BTC,ETH
2026-07-01,60024.0,1609.58
2026-07-02,61560.0,1700.57
2026-07-03,62583.26,1758.21
2026-07-04,63144.01,1780.64
2026-07-05,63650.0,1785.65
2026-07-06,64042.02,1799.56
2026-07-07,63363.99,1771.45
2026-07-08,62290.0,1743.54
2026-07-09,63230.0,1745.16
2026-07-10,64161.72,1796.85
2026-07-11,63819.0,1787.76
2026-07-12,63780.0,1806.8
2026-07-13,62334.52,1776.72
2026-07-14,65043.98,1891.87
2026-07-15,64756.28,1917.86
2026-07-16,63830.2,1864.71
2026-07-17,63931.67,1841.93
2026-07-18,64834.22,1862.61
2026-07-19,64722.54,1872.23
2026-07-20,65255.51,1904.77
2026-07-21,66556.16,1930.09
2026-07-22,66114.49,1934.25
2026-07-23,65098.97,1878.38
2026-07-24,64139.99,1861.44
2026-07-25,64375.0,1874.89
2026-07-26,65399.99,1954.72
2026-07-27,63755.86,1892.53
2026-07-28,63915.0,1922.23
2026-07-29,63984.28,1910.72
2026-07-30,64780.02,1918.31
2026-07-31,62887.88,1862.6
2026-08-01,62823.64,1844.94
2026-08-02,63570.0,1885.36
2026-08-03,63520.0,1860.5
2026-08-04,64106.56,1869.75
2026-08-05,64665.23,1908.9
2026-08-06,64323.61,1904.1
2026-08-07,64923.19,1914.18
2026-08-08,64962.6,1916.74
2026-08-09,64901.59,1910.65
2026-08-10,63970.01,1873.16
2026-08-11,63600.0,1882.59
2026-08-12,63479.99,1879.81
2026-08-13,63490.86,1886.15
2026-08-14,63043.56,1882.2
2026-08-15,63086.01,1882.64
2026-08-16,62900.0,1876.0
2026-08-17,64532.1,1913.6
2026-08-18,64725.42,1917.85
2026-08-19,69334.79,2252.8
2026-08-20,73025.15,2326.82
2026-08-21,78338.03,2516.3
2026-08-22,77074.93,2422.6
2026-08-23,77734.0,2463.41
2026-08-24,78992.75,2482.31
2026-08-25,78539.14,2442.64
2026-08-26,79023.75,2506.78
2026-08-27,80249.58,2510.94
2026-08-28,77845.87,2442.8
2026-08-29,78230.0,2457.67
2026-08-30,77682.0,2416.88
2026-08-31,78581.29,2467.65
2026-09-01,77439.0,2418.57
2026-09-02,77340.01,2391.92
2026-09-03,81270.37,2507.51
2026-09-04,79660.77,2455.85
2026-09-05,79831.75,2480.34
2026-09-06,80341.83,2514.48
2026-09-07,79112.01,2490.16
2026-09-08,78455.8,2485.06
2026-09-09,78306.43,2468.13
2026-09-10,76568.72,2438.27
2026-09-11,77225.7,2516.43
2026-09-12,77278.73,2525.93
2026-09-13,76842.01,2477.1
2026-09-14,78189.21,2515.75
2026-09-15,75644.48,2398.26
2026-09-16,76206.01,2418.26
2026-09-17,76417.01,2447.28
2026-09-18,80883.87,2612.14
2026-09-19,81249.99,2632.69
2026-09-20,81178.0,2645.21
2026-09-21,86620.0,2776.19
2026-09-22,86208.56,2753.63
2026-09-23,84397.6,2684.71
2026-09-24,84410.24,2688.05
2026-09-25,84099.99,2691.61
2026-09-26,84433.1,2696.33
2026-09-27,84472.0,2688.65
2026-09-28,83300.0,2679.97
